image,label
427e0591c32126a5e66dfc1320218fad.png,positive
d48dae74bd82c5d3c9d76248f27d8c33.png,positive
cae474baedff903b21e1b05d3a5d662a.png,negative
e9dd9d1215119ebe53c40064b884dfe5.png,negative
cd749924e4c117ff6bc129242e8cb1dd.png,negative
cd27d430e82f93b86a50d7b92ee1d816.png,negative
d3c02b3214d8f099f8013292fa6bce53.png,negative
af197e329d7b8d9cf257542d2018ccf1.png,negative
53d488abe63caa2d29db421e69ecc5d1.png,negative
f7102bc74502716b783c3c2887d938fd.png,negative
f770d7b928dc77a8c8da14fbd97a24ab.png,negative
f163c4e6401d123d8f2ff8f6cb1fa830.png,negative
b858537991bc3770009fd187210130d6.png,negative
8c7ccd2981e7e4d6d4068a4d086832fb.png,negative
b321845a573148f39842f246ad03bb00.png,negative
eacaa07f27c42711704277f05e7169a8.png,negative
4934927e74adca031909e9e2865f2ba8.png,negative
7b151833b0f68000f15e45789a52ece5.png,negative
b689bbba0da6583a9892958ddb1862e1.png,negative
8725518eaa3376b25c0dd643b8d0d796.png,negative
272b7d705e2ec54b64447c40bdd95b66.png,negative
2174ce3c3ba25ad34318353f353168b3.png,negative
19349695199ce25168c1c2944cf9f063.png,negative
544c3bd82f14306c81c5e3bb6324df6f.png,negative
a1d4737a3915219a3cb584d6aa60b5c1.png,negative
b71287351db3e60f034f598714fe8fc8.png,negative
351e1e1644f81555baaa87648b1cc1e8.png,negative
f73fbd1455c01f4d9a610247a242bdbe.png,positive
6f737e57af7294f9b6a6662ac4c06510.png,positive
395538d122a9f0dbd6b448cb70bacf1e.png,negative
4575eadd84789ce887ad0fbfc1f2e1dc.png,negative
664b8536842fe004426fe60c7b1a11e7.png,negative
7c9a2111fe18dda7890c36c2867ea8fc.png,positive
2349e9c31e2a340c7cc65f1bdd048636.png,negative
cde2b4661289b21688f18007deb23c14.png,negative
fd5880772b184ba236472901fc687ced.png,negative
dc8af0969e113d67408a9e036581e490.png,negative
e438c8d43461e4f463c1968725dff06f.png,negative
928361edc333a7f372d09793b5fc9b6b.png,negative
8efa0e336559aef4e6dd2be27e9fba7d.png,negative
e1c309626cb3c43aae777968cdad1282.png,negative
7a869137a5e0f6ce79ed57b5a44ad418.png,negative
b58a4ce10cfe7c52493b57089d505032.png,negative
917e60bc67115cd59203c52f1db3ee98.png,negative
b114b787c5eb24b6288752396071d878.png,negative
f3b4e9a7cc5b5d79dcc6092bc45a52b0.png,negative
3d2c5771d17de4d15e7ecb535cd42af6.png,negative
6158179434564fa85d81972dcdc66807.png,negative
eba09ec75a38099d6f2b8e578a4b2416.png,negative
4c2ef23a4d5cf826d45e0527159b1beb.png,negative
4a11d9278cf9a170a8a6ae8730e563a8.png,negative
7ec8882fa1c20191bca542ae0c7c6f02.png,negative
9109c66f5b6a9a645f78bba04f25fae8.png,negative
0df20a6e0e99c9ce3230ccaa1182c458.png,negative
de0301a32204a9968ced5fcad9592f7f.png,negative
9776cca850515199d9300f522ec76957.png,negative
52c29652b4ba51ade932ebb0625e4e03.png,negative
58f541a6a5248bc089f5bf0bf4218516.png,negative
a518075da45a233a50f9809c59f72b6d.png,positive
8d6e26d91ff6d64dc07b9de5da8c2a8e.png,negative
33fd9e37056bc8114573ea870de17e15.png,negative
e92407faa554f34770237736e7cd045b.png,negative
0dad09fd66c1238eb735afa24821a28e.png,negative
ca4d09c36e93549722f7168851374a96.png,negative
c97e30bb1147acfa7f83545cfe7e71dc.png,negative
bf0c18199b038465128dc239eda0d55d.png,negative
2040fcd5b2eaabd15614e6992a446fc3.png,negative
373dee4ec17ac59c471e35f2fae33be0.png,positive
ae527e7f1d7d9433b86dc4dea5a9c284.png,negative
ec623a522022c93b910731e8f4e14e45.png,negative
0bce1dc8fa6e51aa3508eab316559683.png,negative
955fe84b89b98c75375c9142d56122cd.png,negative
4c8329a371a002b897b876c98b786309.png,negative
eb1d65390225d3b07184f2ce4b7ef9c6.png,positive
89f6076f81ad7e657a69ace291acf9c0.png,negative
542e69c8790738373ab25d20e4dfbb0c.png,negative
b5e55a84e4fd8ef0d53b7387820c2e64.png,negative
cfc73dd257b4efccadd2f232501e113c.png,negative
e5a62757a1e1349fac6286f19cef986e.png,negative
c569cc94eaccb621555402fa595f1b15.png,negative
38b273be016503927246c5cfd16b6576.png,negative
43084d7ba6098913b6249ec01f12eba9.png,negative
2f3e4427b504ec650cff0c283ce8c221.png,negative
4bdad9e11283f41dd3b7e85c59f1868c.png,negative
bfb410f2493399735e5a0241a272789a.png,negative
1f2580bfffa14d2f1ff7499bd6ad0a65.png,negative
385242c9b7d3f1d8bea9582092b2c613.png,negative
fbc7396c86ae9e834b929f7bfe6c5a04.png,negative
505228dde9a76a7ae8eba53ffe590285.png,negative
1054db9b2224de04c667c676fd35f7ca.png,negative
99ee9e22ad4087ccedea667454df9b38.png,negative
8d49bb681690690aec7e05596687bfa8.png,positive
b350bbc439351f399fa03d6211350f2f.png,negative
29392cfdc0d7c9c2a5ead095d30ec5b1.png,negative
5eea5852b7665274e066d650d7ec2404.png,negative
4d78c3eaa399c11449fcf39a0b6a522f.png,negative
02a991aed8af3a4ebbb177345d260fa1.png,negative
5946fadd65a89d7f73d14462f62878b4.png,negative
158a7e684588afd42af834ab30aac471.png,negative
27ce013ccd6920460ca079d38d0e3fca.png,negative
b964bdf1798d96daa152294b4b9f83ac.png,positive
cb9430326d799b33c1c83bd60a3a9c4f.png,positive
2dc9fb4b8bc4a53fb2e3862887d28f3e.png,positive
74c1e05956556f7b5c225749eaf03e2a.png,negative
f0a47a3a3267a2c2eef99638b094cd91.png,negative
a40b1b692a3b5f299e031361e3315ac4.png,negative
0b14e46011c2fffdb5b391a45a86dcfb.png,negative
7d1458c92f8ecad29ed7970075d3efd6.png,negative
c91fbb6ce17e911fd7d195f8f0c45670.png,positive
32bb7e34fbb2cb1829649c070b9eee11.png,negative
ba493d7981cd6561f0b37645bbee207c.png,negative
83118706fc62e73193d340047aed22b1.png,negative
63dcfdc6903e20d569659e63a4527a39.png,negative
8f47761cc0e6527e4c45e7cffc9256bc.png,negative
69bb13ea05ce8a05b92db737ba3c5869.png,negative
952dea1804f980261bd7087e21f400df.png,negative
ab6ea6135fe0f645da0276e230a0ed9a.png,negative
aa1663db1946260cf5a11b9c570bb081.png,positive
4c65a2237031469ce2dcc2d002aa0f0d.png,negative
dc5e4f99fdebb4845ce2985a1a0679a8.png,negative
4a8c56059fed05574c3a9aa3fd14f319.png,negative
1a07eb5ab1948ee303296c075162a822.png,positive
2c52efa0ff355133b94fe0bb05f40882.png,negative
054ecf2ed67e66c913cd22cc551170ce.png,negative
f325875f14b2a3f2c017eb68cfa1161a.png,negative
862b432f92a16ede89d25d4dfe7a9666.png,negative
0c29ff82e5de10a57db16e23c3a8bbdb.png,negative
e3a1f97bb6e1caf133c32d7931404cca.png,negative
68fb6647e35f70dfccf5eed83899eb94.png,negative
4241f93725657d4a904fcb972e2219a8.png,positive
37cb11b41b613425081723ba61877f7b.png,negative
a353dd648214edafc7535a7079ca83c8.png,negative
65396dd807b19755b67a8a37a2692f74.png,negative
8cd31ea8b6abdc0159a6cb04ef9ba4d8.png,negative
593999bbedd7a085b0d5d3e967400acf.png,negative
ba3f2996f4a2b7c1ad98c6e98ad71587.png,negative
77196479c33910e616bcd213554065b1.png,negative
643d4f158ac5eaf02c3d8e8246f41480.png,negative
768a672ff049220b6ebe9d0f087e3704.png,negative
8fed72dbeaa76aaecb3c883262fa0089.png,negative
1a77a28dbfc0a2c1393e0f51b182b75c.png,negative
fd5cd0b2c4b14f2930ec2ca7e2e27372.png,negative
4701bcc8e68f38f2a0371d2276a51746.png,negative
322563727acbf8a3b376113cb905f435.png,negative
f15282db821bff61e506a66ceb68cfcf.png,negative
9e8e3d9f04355d6b6399fcd721564d54.png,negative
0de37dc9bb1a78d061183e0a8fa66653.png,negative
99c7668d5a3651071c68912e7025e6b0.png,negative
3995f983c902c71e7c1e50f02b71e36a.png,negative
30f42b695ab370be4dddf68df5971f45.png,negative
138f70f0930a47ce758fea1a96b0845e.png,negative
c86f60d67d12e661cbf55f0e9a941d58.png,negative
571e5388b229ff107320961ea6f5feda.png,negative
18fac9a5ec7661e4311a142eeb401cc5.png,negative
48a490931b28793261ae40aab532842a.png,negative
0d292cbfa53946df2056c7dea8bd3a99.png,negative
b5d237f6f04f707b56d370abebe12d1b.png,negative
b80fe77c2cf1630d1e46c0f1c2b991e1.png,negative
16f762c0bfe62eb2d8557f846c159526.png,negative
7384cf6bd4d7f8eca501fe4d1a65246b.png,negative
d6fdcd6b37c43cd376c2ac9cfe53ad41.png,negative
dcfd56e26cf2e27dc34403e3c181901f.png,negative
e70f243e898bc80a0e3261c842ae1c31.png,negative
326b6c7524e78d781a47d3e214fce9c0.png,negative
24bd49d65c2d678f5712f56b9686627e.png,positive
36488543a5494e1ad84611a32335e494.png,negative
fc5f292aca395761378c8ad02377649b.png,positive
108d574d95e9bcdde68d5b97f0686cf0.png,negative
a0a6dbb436f12d840caccb614d2e7208.png,positive
fb7636aa2a5ab4049ebd4b6a258e375d.png,negative
685d9cde99a0314df6426254133442ef.png,negative
bfa4c50e67ddda03ec5ae4066fa74f8b.png,negative
5c17b6235122cea271296fdb2dc32b44.png,negative
e2fed94001cc3e04e468d2375e87be40.png,negative
fae82dc5e0e5989d3ca2d823dc77d5d2.png,negative
569853489aca2a11efe1cde5fb449b5a.png,negative
b2f9f24ea46413c4527e759b15c8431e.png,negative
8e2ed2f28dd9b2d0a3aefa58545ca7f8.png,negative
c405cfad8bfc3fdc06fcd52c49f63fd7.png,negative
3091c2fa417e2f7e135de2191c677124.png,negative
cb07acede08821731cfdc87cd5537782.png,negative
a9f1857990eda2018bb7eefa18b87e7c.png,negative
e8d265170bc15f300f3082e0a3946073.png,negative
3921bae1f215ffacbbbdef0db162b985.png,positive
8779508c55a2744f0c4a9b1cb5032e16.png,negative
a69a5f7cf5016abd370d96ca54d12aee.png,negative
93d1b7b0515e16de8bd4767b2812f797.png,positive
91c227842198942f02cc91dd98798356.png,negative
9a92ff43828c0e7f7231f14aeb052a09.png,negative
7f6aa08aa42668c1e18bf8f9cb71af6b.png,negative
809bdea7b96b44ac54fb2ab95e4f7f41.png,negative
59842922e23700c7cfc53f53aa202f31.png,negative
c35cb74292a50f8d30b2e2d2ecbcfe8f.png,negative
89798f44f9b903a9dd36214c2973a110.png,negative
c10f65963f10390a89b8d3a8050d9f74.png,negative
f74c90ac2849441d732d0dab0cb855b2.png,negative
883b43018f7a4595fe08658f9755c248.png,positive
fe933b00eab3d080a2a6f0ae5b4b476b.png,negative
99477f725a9eb2dbede3bb7f5ae6f780.png,negative
f738866926620f241bbf980257d63cd1.png,negative
a1f63338113afbc6f7355678f0b0b65f.png,negative
07cef60208beece03a56e0a4da7a1e5a.png,negative
97677e3587bf293b6e6fbb88e495d9e1.png,negative
d7e70ea7b368eb19de579d3461f71dc1.png,negative
c0c3de2c21f3f107cc1dfa033c0838e4.png,positive
9544514ac5eb83cc98c5ddee80c65caa.png,negative
29683874a50470a572ab13d7c83b3c7d.png,negative
c46f92276a77a225fed1e31e6ebd496f.png,negative
ba645147d6af8b61018b1e9241ad4ff2.png,negative
d4ab509da5cf7702ec791607d60cc2f5.png,negative
9377ae5a55fc72691e2d87ef95b44af9.png,negative
49a934468bcd6743f60645fc8e3e6787.png,negative
7b7c00db72d3958f41da3551194e8184.png,negative
fca8d6808d98816c392c8ff34e9e4bd4.png,negative
797c2a0d89ffb6cb06436cc40919c09b.png,negative
561ae3781501e33e6665555f6f22ac21.png,negative
c4ea9218e6fe6affe137a500d97534e1.png,negative
7742a67a95b6d723c8cbc478cd7ecbff.png,positive
1746fea46769485888a1a02e792d92b9.png,negative
a8d50a202367cf588d20aac6d927e7bb.png,negative
cdb95a1815af68ce862ca16cd2da566c.png,negative
82207b57b31822fc23ed4e3acbe7b378.png,negative
099d89e25ebfb60bd2da1579ba544798.png,negative
c3aa49a748eb6e5eb148135e6cb15ade.png,negative
803ee7d1c05f30d5eea4f9862808464c.png,negative
4e738b3923f1572e50d9f0b35eb46580.png,positive
7225c97369d092e4b84a84add69fe75c.png,negative
1317ad3e1eb6ade8ce2f63e78264101c.png,negative
826bce348af7efec47d16f45892d3ec8.png,negative
795120e95736c9503d8279070e01fab6.png,positive
b94ce683e422a7843d10343c92d5a229.png,negative
bd27a583d2b799dde2350783ea71d820.png,positive
598f5079b177c1b00907e2fb3becbe18.png,negative
bbc239006457f742ca4b8963adef5126.png,negative
4a84b469bab56d99c54d86e80a741723.png,negative
3121d17bf700ff1f0b80c27fca286948.png,negative
d3a9a486e2aa1b6ce9f70a4d50daa94c.png,negative
0ca556f01c0333ce75b04a8dea88b77f.png,negative
599a6ea19b019ba15161c09a9aefc306.png,positive
456ae4877d755d3d537a6a85ba497513.png,negative
18d95c8e33f30df5ecd54b61af582871.png,negative
8525108be9072107066ab18e7699751b.png,negative
883461025acf4d1eb8e5eabbee81c08c.png,negative
c2d70516124f5cb8225035dd83a56289.png,positive
b394528a47be915ebcdd9268cd7b1801.png,negative
a5ce755d85bd9103340f6b392e419dbd.png,negative
fc1441c23f7e72d088ce4d508c03daa0.png,negative
2571d70ebda4edfcf818ca0204cae0a6.png,negative
5e7d854fe73433e6d588dbffa91100dc.png,negative
58357927640821225ceff8ae2a10ceee.png,negative
818d88f9a6eddbdbd9ce346e6547026e.png,negative
60a9def727bb6fd408bc09f5f535a23d.png,negative
3d09b808fb07752670511e19526de27c.png,negative
91260a12f5a1ed13ad59d6f54d5d72bd.png,negative
d95870252e7799e814d2fb3eb6d09b63.png,negative
96799d5a92f3aed7b1ab7d1b4299f282.png,negative
6f3af799ce795cf0fe8268d2a11f15f3.png,negative
c175c0ab331c229582ba4a2390b7744e.png,positive
82528a1240f9e5099f8952a028fa122c.png,negative
cdc7dc0ac69e24412df0d04374bad38d.png,negative
2ba139977543524857ac2cf7c751f7d2.png,negative
024ea134a1bd99d1a8ccfb493ec3c808.png,negative
a4bc193b1698396410658a1343793147.png,negative
f436e87d40d6ef2072a8a4a3b2eec87a.png,negative
d66a127cfeb11e8dda87e128ee69ca61.png,negative
80cdb7002103e5d59685ddc9655de48e.png,negative
5b6cbd420eabb43b06ec534bb73861ce.png,negative
42a0d882b49fc69ee670682075c07c11.png,negative
bf9087ab1e117e2d7a75581e080ed98a.png,positive
780390eeb9f9f11d096aaf006b5ea84e.png,positive
e2774b018c5179ab9b2925cd8d10b599.png,negative
106fad2055fa9969630271ffd1adfbd6.png,positive
147d47a65e8b4db70fcd8dda3317265a.png,negative
affe857b30f7ed34454f4df28d78ba15.png,negative
009ef0bbaaf43aeb0cf7d3283aca3382.png,negative
78f3b256b97aa0ba71f5366c64292d22.png,negative
1031e98b87312ebcfad0c8ebc2c0923f.png,negative
450ce392c2944c8c5aa85e995acbe73c.png,negative
88fe5b354ee5b6154865fa58bc739cee.png,positive
0b72a2f6cacb01f80b9cddbd742c8e0d.png,negative
a558a157dd9565887825e274b5253197.png,negative
855e3665872e84ce1f72a77c43cf5c86.png,negative
cc2d5146e721a519827946e2d513f62f.png,negative
c9db06c0262641632e7f43fe5abd2f86.png,negative
5a4aa19504334f156c3c7b22f89bc76f.png,negative
fba5a445a8fc44751d6a76f2ca56e371.png,positive
3885ccdc9a75f457f91d73bcfbf302e1.png,negative
4d1af8e6328fc2e7fb9a4ef3b143b7ba.png,negative
a7135fb205a8e99a1dd1fc6dcc4e70b8.png,negative
9670f9e7ed2b4e115933fc2a83edcbcb.png,negative
b9f2f912c85eb2340d19b50451e6c8c8.png,negative
613fd7b9b79eeedc89c9e3f117593564.png,negative
6ce152f50c95e2911beed2a5ee8b30f1.png,negative
c8f1019fd2a36f8aa407c6cb8d4ef148.png,negative
a3c889756e70dc0230935568db02ddf1.png,negative
2ee86a6849d6ac53c918fae82595e9bd.png,negative
d5c2e2895fa77a7982f9633abcdb818d.png,negative
4599ea85bb405feb25ad33c236d9c931.png,positive
09a4e72d0eab04a23e759c2995f2448b.png,negative
d1a894f4228e47c6b2a535ca1bc9523e.png,negative
30dd806bbcd16af617a08e0340e802e6.png,positive
97d9cd01b11ec9a3e65789dd112c3575.png,negative
6b104bbbff4c1ca89efa26f8763cc333.png,negative
e0b2b4fc28f214b39e97aca1ea304a29.png,negative
97cb53547cca11692174e059d41616dd.png,negative
7b320ed760b6548902c63319a635c093.png,negative
be0a7364694490ead028259580764128.png,negative
e764ba90e876490c42e457ff7476206e.png,negative
6cb500a8356ee1f1b82be04b8e888123.png,positive
056e200e18b7630ff2e01251dfd648b2.png,negative
b3461789875d3d626ce08e7e2275b242.png,negative
a8d4cc9c15b6a1525dd1c79b178113d0.png,negative
8f20aa34c691285ef1dca6d9c51a3892.png,positive
30b15e2f8b14842537fe654b0c7ae0d0.png,negative
ebd5457419d47ed3d0d0c4e0c69e2ea7.png,negative
49b46d860ea6298ab50ec63c442ddb8a.png,negative
2cf4cd0b17bf0c3fd5fc6bebe5824a45.png,positive
00dda0bffd653c76c08cdfd6165a6f09.png,negative
b2baad1d1fb480d4989f5ba0abe8ea7e.png,negative
42ccd0a7b961d2085987572ae1977680.png,negative
c02fcc8cffc8b784cad935f93227455c.png,negative
34b9c3101119dab832c4f95a6c3da647.png,negative
66bec92c762f66a022666041a6de757d.png,negative
09e14e0afdc1696c24189d485a9bb8cd.png,positive
f3e5d39452cedb6bd4c517c2529ad25e.png,positive
a469b3ffe5d34bb22c937cf50e16b758.png,negative
54f0fd547f126b779b1abf0db923d963.png,negative
5e64d4e39469afbd43af83e3ca8060d3.png,negative
663e9273680b2bd779a86959421f8f72.png,negative
8bc4aaf06614eceebea0518e19eab23e.png,negative
784f8d44b2128313b731532c8276560b.png,negative
04abae135a1f9894313ff80cc60e8364.png,negative
2886b4210e46b13c7eddc7ff8353ed9e.png,negative
629c6a3bd774f8933b1d635aec4fd09b.png,negative
d3ec99125a228040aabe1a4f21bfba16.png,negative
8a9ef06fce0e7c1d8be902e58844e56e.png,negative
e3431aa01effd55a939c67672b1f609e.png,negative
4c92abb8bcc7cd0f6ad101c8792cd50a.png,negative
159accec93d026634004cc8972d760b7.png,negative
dc0260e1cf76931008fd733f9d82688a.png,negative
954dd2a8f2eee037a0ff5f7c2e0ff4b4.png,negative
1e05c4e5c72cdbf18fc2af7a7d7f0ddb.png,positive
50b6fda1896091058db2a8b25cb1ddc0.png,negative
f7fe69f207e2c7650e3d57629c55140e.png,negative
deee3042e1d583d2a9410811bff06141.png,negative
3038bb4cd3ce4eca4de2bc5427d83842.png,negative
1f9a91f8a3f61e4afac52f1985123caa.png,negative
31e72b3f9fff0dc7bbb49d99881c786d.png,negative
1e19c097ff74ed53bcf053377bba211b.png,negative
65b8e67843f8ef4a54af8076ef7b820a.png,negative
85763059b397b4a766dee93724b4336a.png,negative
9f50c254f053933080837476594b3b0f.png,negative
cee40ce398f59de0000c8d7310b7a482.png,positive
9e7aff75a8d71590023bfcc055d636d9.png,positive
73a1ecb5375218ccb35961789ca6229b.png,negative
21ea8b1ee35c192b99142d7fa556639e.png,negative
c444084bdafccf392a79106ce40842d9.png,negative
5b36979126f77a0fcdc3dd9179fb0215.png,negative
d92882ef4692ea2065d43e4da39e3cd3.png,positive
d6cddda4b24174c70b8c51722b875347.png,negative
aaf3f591633dee27c871f57cc6f51cfb.png,positive
7291a1e89da3ae48e4461c3e53ec3343.png,negative
492f864def1dabed3d64c6f37f423e5c.png,positive
9e16b953d598ea551242fab32c57ac37.png,negative
90b2bbc03541b68761c0ada5e3790ad8.png,negative
29c3583fe0cfc6023025f890f55248b4.png,negative
3af0130795ff888308684fa47274547c.png,positive
5baf5b818a97e1428aa54714ff4cb1a9.png,negative
00445ca137bbfbc530cfe0336d4389e9.png,negative
f1daa5fd8c29dd69e6867ddd623ea9bc.png,negative
1d5434469d99d5d5adc0b9eef10b46b8.png,negative
2059adad54b23d05fa5acec8efbc6ee3.png,negative
e007292247c83906bc0eefde1d234cf3.png,negative
a26aca9206ee20378aa882255e75a5dd.png,negative
985894d729f94a54fe53df67159df863.png,negative
b069410f2d75912ebd571ad0380a01de.png,negative
f4e3b8e40f9307241078cb212e213f78.png,negative
f49aab77fdbc05a3e7e5a84f4d4c8c57.png,negative
edfb24c465f5cd42671b9b2382c0ca83.png,negative
600d33dd5a95ba6a0508de268e51b550.png,positive
e26cb801cb9cec029bce39b6bf8b0143.png,negative
ebdd70751a51599a7ad42c0b4b1e8a56.png,negative
02e13ea524e4fcb085e76bf1d4333f4d.png,negative
a56ce9e7ddbc678819897889b7669269.png,negative
bd47ed92df41c338b5ac39025a53eb9a.png,negative
360fbf0ceb1a510280742eff9219884b.png,negative
f6050ed3610c40fb7cbd7d970a4c075f.png,negative
6373501a8dde9258f18ef97cbb569fb3.png,negative
8802a743545ab453fdac3d366c44cf0d.png,negative
9b18473c76e501d24635aef853ea3bbf.png,negative
c881006cbab3690921d141d5b4ec1502.png,negative
c9d758437c321d84dfc9cfc51218c7b6.png,negative
b5ff8861a73883ba8a9fb1114495cbae.png,positive
6eaaca32a479e07b828903a9ec63e516.png,negative
4a8d8866e28c5f865e2b0eebd234fe91.png,negative
abb1de5579356855cc3d2daa0ed79590.png,negative
c7f9fbfd332d88cbc576eefe84d10f39.png,negative
4efcfbd4148c5009b1f030d366870b98.png,negative
70417f714477f70053b3804980dfeddb.png,negative
ca58b11924ab0bbe2d0d64df3d77b011.png,negative
6facd5328007ca96f8953f30096f9941.png,negative
6235f5da33be9273c1fc25d0327e1500.png,negative
8d2a79e915088cc0d3e1158515020a00.png,negative
56bd0955ae8c0eb01fd0ac6606617da4.png,negative
534f558d4478c90ad3703c4d7e59546d.png,negative
57ce8aa6e59d50dfabe799bc23e29a07.png,negative
a61f6dbfab452e8952ed47dce2c21d1d.png,negative
7f2185b277a3b43c7cf01e218b99c8a0.png,positive
77703667ee0c1d27c6fb14e99e7eade7.png,negative
a5e79a29b5faa281814e121d031133b4.png,negative
909a7c942bcf4892bae911a78082a6d6.png,negative
70385ff100b3bd88ab48eb7f2538d845.png,negative
cb82b83229ab242773a43dfe78aeadac.png,negative
11276ecb729180bc07a1614f056e09ea.png,negative
878f25294ae95d8b93425bfc59665c0e.png,negative
6a830bad75e1083a6eb8a5a79ef18e05.png,negative
d01450f3e5af8ce2dad912bffb6d7324.png,negative
af9ef79437f3d5be7da271998527295e.png,negative
262b3b7ad89dfcee9f96d977f5415e22.png,negative
90ff4bbc4da5729c61c32e6474e7547f.png,negative
c39a31228938cf9921a13b586a7fff88.png,negative
605c10168f07258dedf9a2194a9093fc.png,negative
a8bb98ea97b735ca5db2516cdfe3b87c.png,negative
4a5feb191be95d8de5ffcca35c5de25c.png,negative
2ade49127e06259b84cab5ba1a9dbeb3.png,positive
2a79de8e7e77f789b6af2b84cf093738.png,negative
15d7bd737cc20ada9e076da9e3ad38df.png,negative
d81ee347467d23be5643077c128134b6.png,positive
f481808e3d01b33ac9e5f9262efe253f.png,negative
aa6745d54dd9e22ae1cb1e9a061edf67.png,negative
66c4116dba50bc5cadcf57cd7f4984fb.png,negative
c2a92390a7f321e6d0a3f342179eb26d.png,negative
31b0f7054f689ddd6106ccda47262ab6.png,negative
fb14732b3340eacba5615b08bd5769b4.png,negative
cb38c4b96068e4a56bcbdc1994e729a3.png,negative
fa92935a3389a68389c55934c5a10f7d.png,negative
0ce94b42c8c5852246683602884b5589.png,negative
209786192a85f2526690d39beee624c8.png,negative
d4d26144909dd6a232861ba2e4d7f1f9.png,negative
0b3cbd10e8155a2d0b2102c2d1bd1b14.png,negative
3561f075a89b5a79d0d07580ee84b7da.png,negative
3eafbfe33a9c18e8433b631f724a256b.png,negative
f472ff9b297e2cd7dd2446b966c1bc3b.png,negative
e5a09655b1e8b3c3afbc66002870e9af.png,negative
4c08cc4d00b557db5a71d3f18ea794bd.png,negative
45f6482ca92716d385496c8a6ab6e514.png,negative
97f723f2826a89bd32aa2695a5b7b355.png,positive
b9eaabd7095cf9d5cdeeca25107e2ef7.png,positive
16cfa77e759667075319787e1cd75381.png,negative
cabc1ba5a10034a3e81a77138090ba55.png,negative
caae1031ff5aa7f2704f65ad1530e682.png,negative
d656b2ed79ab6529f4bbe7f6ed87706f.png,negative
cc01e711721c67235fc5df24e7cd0243.png,negative
f4108125e607ea522e290ff1b36cd476.png,negative
b259771cb12dc6cb263581994464ee98.png,negative
8a1d613202314e03f86e09caae0f891e.png,negative
60a6225d38d8efc02edd9f5d72b7a93e.png,negative
6b058acca38f9121241009809bd14073.png,negative
c1bb73aa5c2dbb0d59385cbb41645904.png,negative
f6d513a8fe6aa44517a07ba95b8ca0c8.png,negative
8537dd41c2169e22d93fe52608bd593e.png,positive
20d3ef07c76fdb866da6e60d96f53924.png,negative
647f7cfae36d680e6fce9233666fb6ca.png,negative
c692aeeabd8e2872a08fc952c0cb3f41.png,negative
e5b546a6ac794a396f78843c1efb7e4a.png,negative
d649a7b3a0067b02f56b018ff44436af.png,negative
a2b6710ae10388910342c9626691c0bb.png,negative
b036523b0448bc0c1e1455fde66e7523.png,negative
89cdc38a19f5f241eeb88651269a824c.png,negative
b05a88294016ac75ec9bea1663856f6d.png,negative
b06084b9467a376c7ee38c903bd7af9e.png,negative
fb8d9b356d9dd3318ad3a4d639b4d49e.png,negative
58df53505fe3b8a45a735a7324a11687.png,negative
ecffcbedd819be6bae2cfb834970e917.png,negative
17e5361800743602f2c74e89e22a61a1.png,negative
73987faf55b060f6e9f0b5767f9ef38f.png,negative
802fe9463923fb0a209f1e3e9d43ae3f.png,negative
7b05d2c73fb47bfe9a934fbb53a1b066.png,negative
fcc4daa8a80c305213507e7c8813930b.png,negative
38446c9c606c5f39f35c134d43c64261.png,positive
5f5223b0d403b0d61b737dd30f41a97c.png,negative
0ebe294a60fb9f5adaad6c4cbe0b16cc.png,negative
3c1cb0341badd55022deb2c256b5ca3c.png,positive
2797a5aba2cb869b12f76b8cf2ab076d.png,negative
26d5a134201552c15ca68da94071399b.png,negative
10807658d32514d29e7520b44254461f.png,negative
ada7edbc207c3d7acaa43d476475409d.png,negative
010fd3eb3cbfb287cb6aa01111ea5937.png,negative
e3dab2daa3ae79c7ebad4a70e5b7106e.png,negative
af2d361b6d86004dc19fe88510e3adc0.png,negative
c684f690ef568fcb8c6586ad9251b148.png,negative
cb5854b2dcf6cfb2f6ff40be927e654f.png,negative
2b8b212a70ff4473cb873ae33c0d773e.png,negative
a150f932636c9f6dbfd328fe47eb5091.png,negative
af045f5a0370117f3b429f7811dc5591.png,negative
02a2c6720b5f2a5e6ba7cf6c93e9e3fb.png,negative
6b98051d33c96d4179708397e9ca0ddf.png,positive
7bd6731ee027e26982e94f63ced1508b.png,negative
884eaaeba2a86a4e3cf06f772f713066.png,negative
556e9f6b038c6fe4ea545236bc98696f.png,negative
cbf37c0dd9bb73869291bea121ea3c38.png,negative
79dba5a1bec6a926ab17b208973035b0.png,negative
413968205ffa0701ecd11510803c142f.png,negative
d19a89bd735fb0b5c0a26d0f4f580929.png,negative
134facfc98741a96af52b0fad49de344.png,negative
01534ba687ff47acbc328d65a3b70aec.png,negative
157e2e32fa0e6eb257192b5e05931f7f.png,negative
30df95ce8628d41e55df180dd4069f83.png,negative
6b1809d8a9b35f91e737cc3727dd53a9.png,negative
ef86e9467a6d7f8d7c7f6d9367cffb7e.png,negative
c5a73cfd7e9fa95f0d6eefbdeeb712d1.png,negative
b16ea8b081015e5944751f8fe1ac60a9.png,negative
ddc278d547c261140b74332ed9e01692.png,negative
bbff39a17815338367bf10841d826cbe.png,negative
3710c6b46bdb876000dc3fc281fff61c.png,negative
8945a0e18948ef3d568c2ebedbd58181.png,negative
9c2fbdbb08034c17a5da1d43529d436e.png,negative
d0e0d719154af1ef7facfdee6caa1d6e.png,negative
8a4ce5fc8fbc0204a6f40600a907e28b.png,negative
e163fe4c2743e5dce5ed96a589abcb8a.png,negative
b87c170c3e4f6a8629790ae2c7b31ea9.png,negative
13845f78d4b358f11e96e16bec5bfd7d.png,negative
3432cde6ade1566650a2d07b28ee4f67.png,negative
f11eb8764a5181226e25cbd9078c137b.png,negative
0f3113951f8e5c700d2e7bd696d5b15d.png,negative
eeef6c4f6ffdaee839ed809592aefb43.png,negative
22bec50aa051dc5f2dc0a1ad04b564dc.png,negative
68334acdb60d697bb169aec2dcd21ed3.png,negative
8e2e779336c0472b488fc4c5641eae2c.png,positive
46bef0d2779d05876d8a532e521ec3e8.png,negative
68555d6d7b8388f8f2934d85889d9db4.png,negative
2cd5300a64f1e21612c6416fccc52110.png,negative
7458130ba84279f2898b2129d05bb6ec.png,positive
5df67e8971afd0af3efc959c1cf15438.png,negative
74bb5d0a4ed79b4eed575314da110d41.png,negative
d05575aa8a9bcc079521e0172e6f43b6.png,negative
bbb0655c70d66f795e29c1bf061ac646.png,negative
2d5f9900f0084981c17fb2fdeb6a2650.png,negative
2d2aed0f144ac59652363259f3644164.png,positive
5fdcc3719b45f994f09dd0aa57e7493f.png,negative
6f7043cf546ce5345a229f6dff252aa8.png,negative
6ac318830bc7d38db2afb18fdd8c1a2a.png,negative
6e29d36dda90fc06681e28f327edd0e2.png,negative
e99886ada07b92b12b4af556ca32a961.png,negative
2fe7ee44b5fa6996e3b1588b84f42a55.png,negative
719d39c68feed386209ea5a39279ab98.png,negative
59ebc7946df30e3688ab2a28a7176d21.png,negative
cf856fb328e11160e9e92d5981bb79ff.png,negative
b625ebb2dcb06a72718dbe3f2ee1a696.png,positive
738c8268576aa594c40a6e5b2f0bafea.png,negative
dfac6694887d3e7ede27a34d26491e53.png,negative
fad66567b4cc097a61f897ad9cd9e781.png,negative
4bd09ef08b9e868f0a9771298f19042e.png,negative
292bd5f0b3eea3af702b1ea829bd459d.png,negative
393f9f455c01d5c7d13b9d18885d9381.png,negative
04249cc55ed49acbc0ea1784eb585b35.png,negative
6d207e1faa4bee6ccb40e7e10a2dec93.png,negative
15cf13dc019b8223b60b1067906a33b6.png,negative
db6aa05d571b1869e45c6432217cea97.png,negative
ac142842de17c7f04a441ab1a4de0a8b.png,negative
6e8ba6ab4045173765b80897174c1418.png,negative
c1bd664c8201c84e5bf1a875e326dc40.png,negative
1e2d280a246078c87938319ae52b6894.png,positive
224cecc81a1774e93d8ffb774e70538a.png,negative
cc98dcc59c0ec30bf2a6b1595445815c.png,negative
eef6801d18fab5bffb5fe9b11dfd6de4.png,positive
314965eb2eedd000adbb8b94aa444ec9.png,negative
173c130fe369ea600508ae8c17c2cbe2.png,negative
b0109f6ded726151ab81c0be23ca8240.png,positive
b96c1728cefa1c43f521a134ded2c85a.png,negative
a902b793a7710671780cff4b26055399.png,negative
0b9de56b38ae567b271df14ac1b47ac8.png,negative
25580dd1bbb5e665012941023d40bc9d.png,negative
1808de0ee7d041abe90cf2d83fcfae35.png,negative
9cba95f8d2c807894fdbedd464d5587f.png,negative
ec6cbab52007531433474272cbe25717.png,positive
09a2f05877fd3894dbca87b330ac15b8.png,negative
e12fb1f3c1ae9385f1f7eb32e34974ec.png,negative
381cda10696c039e365c17d234ad4f06.png,positive
e58f870f8c4ca99aa35d09e1afe581b2.png,negative
d2494cad33ee09f80ac9e0e739be2df6.png,negative
500468cd78d4e60a325206737e5e9a8e.png,negative
220c74d88ce472907930a625017ddd32.png,negative
606e27a9456a32e2f8a29e93af77f2f0.png,negative
7f8ea3e39ddfa55b674cb4059d6624c8.png,negative
0283b5f760b78c60d17988df4d2f1bd1.png,negative
21d1b9bace3899b6863f4bd31cf5e061.png,negative
802f639359afe3ad273040d0d842f8af.png,negative
06db4d8e309a32e1e66a5b93228d34ab.png,negative
7dc187c60788206a75de78030b52388b.png,negative
1e878f23f631627a9e76a8accf411873.png,negative
6996e6f9e4bf850c7e8fe0a33b044015.png,negative
14f0e77bfb6eeb54ef5e080e9487e37b.png,negative
dab70f1fafa37351bac91dd39ec2542b.png,negative
e2eefff280487ce53ca6a6ece7429f9b.png,negative
bea95e40f3ce0d748cbacd3dfaaf55c7.png,negative
48dbbe42c0e8e0bb9009b9789fa53fbb.png,negative
8bd939528979e0c75b899e4f02a10377.png,negative
93fd53637e587070195f7b70f76f0820.png,negative
43e0baaefa5c22c1057a2c3e406eefe2.png,negative
ce8d7ccea9bf68a9f29da27d0b0cd015.png,negative
6e019d6acbf789725b3213149a2d25e8.png,negative
adae70b5afd8170ffc79fc4366562070.png,negative
e23ec509003d1fabe799624e9b048fff.png,negative
16b5eb99e9c7b1d8a04f931b5ce7e10e.png,negative
33bdbfaa445c942b1fd2e39410ee8e40.png,negative
29abcf10894707f8fdfdbebbe9a64ecc.png,negative
16cf11920ba954de96777b49b5ba74f8.png,negative
69123cd66b681d8b84f6ad7b3a220429.png,negative
922c0c1e707260e647fc982a27177ebd.png,negative
c1349e1f59b92d2ca7c8a66bebb7999b.png,negative
7725bb0f363f2784b1ec80451047658e.png,negative
a518597bf24a2871844382dd9e41661b.png,negative
266fab178a56e7dbd99cfabede8e927b.png,negative
2b12edd27f8b25258331d6dfec176e68.png,negative
7ea1a96db05d3bfba284afa64ce78097.png,negative
3d2304a78a1e4d36322b19e226969ad9.png,negative
2a9a98d07401a3d99eae8304627281a0.png,negative
bf378325fb5e55e224910d122ce20f21.png,negative
197c91c86707af6303284c779c09f7e4.png,negative
a621b5366b8cdf34d6fc84222e8426d3.png,positive
27d83705aadc9700e0cebadce13171fd.png,negative
1f8efb1f2432e87477c505a0eeed597f.png,negative
b7c3eb340f39355efa54c6dadd6f17e9.png,negative
1a24614fc5dde66a5ee75e3520dd349f.png,negative
fb6eb275f63ccc277d2d35263017c4e0.png,negative
e1737f3f8027aa03ec24445176a3ac37.png,positive
1748ec1ef8ce7f27a0824f7235d076c8.png,negative
7e5f441708647c562d90d89854c077ae.png,negative
fcb084699f6439b4694aab13c310b723.png,negative
f656c9d06369427aee96dbe0e9d4f6d6.png,negative
5359202906cd0f1bd5d762efda53b845.png,negative
d0c07fdd475dbd0a13a9523e3e74302c.png,negative
f980cbcba9db06e4a5f14fda5dca9310.png,negative
a8583381d46967f58d60e111c6d6fbad.png,negative
9cb95876916802ce0938eaa81477f039.png,negative
5a996222fb8af7205d497f07d6359c87.png,positive
ab856bef413eb409f9c35f486c2c3d1c.png,negative
e73ff4cf30d75492bd6c317bba1954b1.png,negative
688ce80c4da99215de40bdbdc9473a79.png,negative
0901def286fbc5f6b7bdb4ca14354383.png,negative
f16480870ed019c54274593c690fcd67.png,negative
957f4fc03b28fbc35716aaf74a3c6569.png,negative
3683943ac7f03569630f103208caa9b7.png,negative
5a16fd8f3f4e382111c5c95f1a3e90f3.png,positive
0700bf8aea19a46937df79a9cd93173a.png,negative
9239b6bde5fd945fefd58c6f622fb20b.png,negative
b3b8d2541d7d9f123d008a255577414f.png,negative
ededce040743d4885c2ac0f2cf154832.png,negative
cc56ea1f7aa21573cb88f795039340ea.png,negative
b75dbfbeb2417e85287a5ff5f41c6554.png,negative
45f08314b81f8f815278d7ace2b007b9.png,positive
964187b947032690f69700b2691543f5.png,positive
011917e94d194d1ecae655e5d4828be8.png,negative
bbc0c9429f8ee0c5b1cfac6db912e6f0.png,positive
23704f28690bd38515f81c6b72edadc6.png,negative
fc9e547f682b737530cc71afd0ecc4ec.png,negative
ac555e19834a6b23bdd4d6e484cc1a99.png,negative
bad3efeeac4e57b035660a363e324d5a.png,negative
5529090b2b43817fa4f7e7a583f5aba6.png,negative
73f51b0ddf17fcab7e71cccf502ff687.png,positive
c4e10e5c015d39d1010760eff706c0ef.png,negative
95aa95fa8353fab39894a647de03e769.png,negative
ee8a1889bb97dec0a8d07e2eb8734e1c.png,negative
84cf9a7c721749e4e506b1614f725fd9.png,negative
630adda6c49d26c9268f39017e22b463.png,negative
622501bb4b6582ec4a8a968154387f8b.png,positive
41fe0e119386ac8be05b4b7857bef769.png,negative
70d31cf51261e7ff5f3806c243c84c98.png,negative
cd01aa75c6b3eb5fdf07d7711613b37b.png,negative
0a2bcd488224f14c59cf755ee512ccde.png,negative
7e28a91e9b4000aad07cd460568d3b0a.png,negative
296255777f32bce5772f472968fd722c.png,negative
861439d52fa5dfb92c2c7807f0b620f6.png,negative
165ba6015f80671492731a50a4c5dd48.png,negative
9fe57d7e6fb07376ac8546ddb8bb773b.png,negative
c5b63378db39bf39c2144b424ab72d7b.png,negative
4cbae642dae5f4450065b6a162c993dc.png,negative
0188d44d5038f9f7226fb3930f78c6fb.png,negative
182c82ec6e3f9947705d92b4a69eacd3.png,negative
dcc46ed3775dc3402ed7dab899cd2f59.png,negative
cdebb518dfeccf3555b352b1ca4172fc.png,negative
0b36048dda89b3d42b5a34bc1ed04784.png,negative
aa067787b2ee10e4f1f5451ddfe06234.png,negative
61f5c272b78214604d3c2412b9ac86a0.png,negative
d34bb69e4f7e0a3b28525fd5ada6a8d8.png,negative
0ba54a85084e20bd794c598b7624e765.png,negative
f293a947969dd888d61a75918be1c1a7.png,negative
27227877351019cc16586b916726e8ce.png,positive
29537423e7f1a39bb46989286f0ab7b9.png,negative
31c3f080e96d6e272375c8c5489754c1.png,negative
3da3a85c2682174902b034a713c09672.png,positive
b69c2458cbcc2b42916df3ff4f264258.png,negative
1711f3adcb241822c4b55e8bacde04d1.png,negative
7bbb9098ff49e4d36a12412797861ae9.png,positive
bea4493076e664c59a2cce2d8df36213.png,positive
d9e71c75e12b7964946389e8ab1b675e.png,negative
4ab081cb7bc3f58f4e1a1aaab535fb00.png,negative
4513ac9a6b9e189dd6168b797d8b03ea.png,positive
dca1b1148a3e16b3d8f77775b17107ea.png,negative
3360e648f69b9891124ea1dec8917ad9.png,negative
2798f23d25e18f4ace97ced20d0572a7.png,negative
6f5f6c32e554d4660c7becd334937dc2.png,negative
b58068f02aae70978ad941187abbc04a.png,negative
4a4dcaf6c1c1aaacc66039d5db3e6401.png,negative
80f02f8c07a422151d0e55e2805e0206.png,negative
9d587bd79f473df26f9dfa941611be5c.png,negative
a72061dd77a234de709d22c9796627e4.png,negative
b5e16b012a9a62718df283284c3d3eab.png,negative
c50567eae3eccccb58bb8ba38da223f1.png,negative
0f920427536fc4680b31f6c7e9e64982.png,negative
b295e5c3456268ac8c5a88b1f5f528b9.png,negative
ebea5d80b552389fb541cb9758056608.png,negative
5568fbed043bf148220848fdb30f3474.png,negative
40aa7541d5c1f5b12e61dccf0d22700b.png,negative
1c6d7bcada706a1e2d41f245c8a6546f.png,negative
47193dd2be474fe3d16b0a5a4d796eaf.png,negative
c8387ae7b61c8fcf3afa3ad5d473709c.png,positive
61ed26791418a78e2772c755fb915e68.png,negative
314ab6ba2b3128fb155a536d8570c84c.png,negative
8f1425da550f79fa77f3d1c0b2e78b5a.png,negative
3d0e93f6f5e8dd644389e52cf938e81f.png,negative
50c1c94988c1bfc560306515bf83b9b3.png,negative
2ae21d39f09719477bf2f29d6c965113.png,negative
1ad940f18edf0fe86fadaff6a3bfae20.png,negative
21ce6cf922779540135d06b74b06e558.png,negative
5663a5679cbbb05b54f863140e6d6ce1.png,negative
615a8ea416c70af6efef56aa4e27fffb.png,negative
e0b62034908d5d90029551100329503f.png,negative
ea6e8f329d397362eb96b32cad7a6c16.png,positive
361fe4a357175b0473f6f083d507fbe4.png,negative
8e13645fa468d030da0135c7f12b85e0.png,negative
0f5689e7f95d0561be36be855ef993fe.png,negative
50dd4aa9426db8103e3e407e7b7b264c.png,negative
d88dfa91b4ab1054a7511f65533e25d2.png,positive
45350155baa29d69f4bdbc7b3ff6a4db.png,negative
4b9e944554b6f7f4ea3db20e29bc192f.png,negative
a7d8dc8b75c5a84265822d7a181440a9.png,negative
995dd3f2c1bcc85e851f387993a5bc5e.png,negative
2b969d830cebf0cffdc181f37089547c.png,negative
f2d7255246b59c2cc1c83b775c95dbf7.png,negative
12ff661d1447302288cbde466f5bd943.png,negative
e9ede615c3a40cdc8da11d1a05274012.png,negative
3bd954429c84e4a4b3d749d90fc2276a.png,negative
53e0d3ccd3781a18695c07474e59457c.png,negative
32dffa720037fb8e071ac5da79489e08.png,negative
21b08b0e298240e19923700bcefc043f.png,negative
b32d54f94aaad2cc93895849a2588669.png,negative
5aa104b0ec487efac7be2381d9528496.png,negative
6efe5eda2c99237443af64b3cf642348.png,negative
22e60850316c552dd88fb1c113b598c9.png,negative
f078d5ac3ae347b9c2172b7b6884989d.png,negative
2721157c49a50a23bcb2350153f00ac2.png,negative
0f3959f5e95206fd74fab01646a8a7d7.png,negative
22d4be5976152b20814673cac9271374.png,negative
335078435252d9041a016c5ebf6a2c26.png,negative
d744dc672fd3dbd768f2d026232764cb.png,negative
daffcf840f16756c07bcd61473f5c5ac.png,negative
506b83d939f67588aefa9cb2676a6c28.png,negative
73a97ae53f6436b1b591f748ae2ec007.png,negative
e39e1f86632ab80886b7afbc115fdf8b.png,negative
14c5cb8e842ae6554b42eb3deb7d2ee7.png,negative
8c23748d83021b21f87146e2b9e4360a.png,negative
c5e84312b407b8d760c06c223255779b.png,negative
6b53738e28b047ccbbe965152e050796.png,negative
885e4633803b45045627773387da77bb.png,negative
db5a6b6ff3a563774217e5b0cea9ee7f.png,negative
43da0cf2976fd523558d3c051126aabf.png,negative
28e563c683b065481bb0a6e53c2f92e6.png,negative
6fcae1609cee2acb30763d6d9348fb38.png,negative
896585e569caad610dd67604e1ba3f50.png,negative
eef7d1bfb2247ba0fb9484b884065443.png,negative
970a2df8bc4984a7a238537048190c27.png,negative
b090fdf7233024d890438d3183912488.png,negative
d7a72940d82c9b5915b3d0f3b8450ff9.png,negative
49e2f47d0e75a95ed95ce5d63b6bf0f2.png,negative
789b952a656a446c8939f429583b8fdb.png,negative
50e33fd45ac0faad26673904d8577302.png,negative
a24e996f122c226e39ed85b67d3fb11c.png,negative
c237a3e917a4d8fb4dbe0103554e7472.png,negative
8c5df4fb7aa6c2a211f1c537d2d3df32.png,negative
890f57394ce9e6ccdda6c882c9ef66a0.png,negative
af77718a603c3a7630ed580bea9a2fea.png,positive
306d4236373d83e9592d1850faf47ea6.png,negative
6c4f861bb2109d6828afc17e09e7dcf8.png,positive
19e7cd72309d43df5fddad31537c11a2.png,negative
e8a9bba5d57d4933f25c7f1693985503.png,positive
63d925a37ee117855b37d1e75a591c0a.png,positive
f0f65991fbbf1e7031e70fad3e4d56b4.png,negative
3c8ed4c8becdc5226d4c5f3a3c7b6905.png,negative
df4a201355e5270faa2535c38d796caf.png,negative
da8d53392a6cdc2ca419d39372353de5.png,negative
206aa1f88c82a9d79a8c6ce793af6781.png,positive
c28f872c9244e7f90ba861f7ad4fccea.png,positive
215c3abed92418598447fda18f575fad.png,negative
f0a46557945ed28a7fd2f2f42f8870a5.png,positive
d61f772bcba8b0877b79921659a44968.png,negative
88a6c9c5c0db3dc52ff1120b97521b75.png,negative
46fd1241e30ac57afa8a360d8fdcd6e3.png,negative
a31e0836525ab7124d14c6985fb82fcc.png,negative
666667be158a6df7be011596e1135b7a.png,negative
9cc2d922847c9e9d069d3750b28f52c5.png,positive
48465b4628eddd027f13e816402a481d.png,negative
3eae40c4fc99cab3b0b3ae766506a6f9.png,negative
a0e9442111dd3fc0c007841acbf7244e.png,negative
b1d30bf8b0c3b84397acec88b0b2747b.png,negative
22a6cd2c9351a2ac95e391cc34367268.png,negative
abe5692c7fb827f1a4fea421a2d2c1a5.png,negative
7d7bf997f478b7ee42631150e0dcc1f5.png,negative
26fb2f262c2fb08fc142f8af1977a75c.png,negative
4bc4d0212d194058abd17580062294e9.png,negative
b27b5799f1d7dd1afec1a61dc15b9845.png,negative
69aa160570b9fe1fe33b2b3cb39f1dfb.png,negative
179eda980283b142075ebcf1bdbf442d.png,negative
95528824a3b94e591545b53477acafc2.png,negative
3492bf27638b73159cf2afd21e2af3ad.png,negative
c0874b1ae63feb926c0a51a1dd499098.png,negative
eae8503b80b310d6d79f95ce1eb68b20.png,negative
1a98eaf640251debd18fc3e699857946.png,positive
345b978029ae2b1778651fbead58a488.png,negative
bf3d475a29d37bb672bed71ee45252e3.png,negative
28e005e6472561a8eb8fb36fc96fdd92.png,negative
a3cba6f68a87ffc2ab157f910bfc1915.png,negative
98d23497d7ed90d2b0eaffe5e0e83550.png,negative
b3c43d8f31278035675cea13f46bf0c1.png,negative
74fbdb31e12ec6d4e2992fbf634b8e14.png,negative
591e4d74b7161d38b3e3dc612ecf810d.png,negative
f0504f1d29a51a26723a351a883c3fcc.png,negative
59e8d2d2ee8c623f638f21e901d6b3e8.png,negative
a530c224108fd65aace459c5bc9cee97.png,negative
f168e23e724b3dcbcd35e7330788e981.png,negative
b35452e8d60db5c1a3ace42e378375f8.png,positive
c5dc0509257ccd4a41562e21ad66b9b7.png,negative
6466fe0eb1edbeaef5a3f6093d5538c2.png,negative
6f1a6f6e241696f7663cb7d4add74cfd.png,negative
0af753446053f6a1c223debb872d3286.png,negative
fb7299b178f65233b8e3e00d76fd0c4c.png,negative
fc699c267e5c8510d3d808d53a510f1d.png,negative
ff7beba834e757fb2433d5da9a0d75de.png,negative
eb06cc3cf06e35310842d37ed04a2c56.png,negative
efc92ee43f804774f5c9b8c98bcf04ff.png,negative
3aca2057e91d6e7e120702dadaed17e5.png,negative
bf145519e53533928a50f076b80c8b78.png,negative
3c9eb5343a753529bc58bc869505ab2e.png,negative
450cd08589aac49fe28c8bece7b0a27f.png,negative
c4355d0c1e374c6bd9965a390800a5e2.png,negative
fdba5f2110b1f042042c4242dabd500e.png,negative
31a6c9c339363f8df00fcbdd93218e89.png,positive
eb2571db53fedaab652c4804ffefadea.png,negative
5d92fefba1527adcb0feb7ee9f6a9696.png,negative
2b74d78473e364e29209423815f7a71c.png,negative
84260752069fec0e9f121e1c4c85f5bc.png,negative
45ec972c65bbc12860c97961f60549f4.png,positive
5311257aff48dff850169f08e47a561c.png,negative
60dc83d02c8ba848bc850714bb819fc3.png,negative
d429d97c12be74a68b343ebc8de8769c.png,negative
f47665af12cad7cab7a41f725bbf99de.png,negative
886f56a7594794fe19dbd487f79d5cf1.png,negative
f72baf9d45e4592af4b5298e9a570187.png,negative
887d81379b0ad7a4531dc0c9b65f3e19.png,negative
cc6c98864194b1df75f0e6740131edab.png,negative
66ad1414cde818da525395719b6ce98a.png,negative
84220fa5aac28372e42315c90bbe59d9.png,negative
0c6b13616383b92e756d55e8b7a92232.png,negative
1cfee2e4dd017bf8f9201a6720d5dae6.png,negative
3e4c38931b621323b408a7e72098f86e.png,negative
76630fbc8bef87a5ddd934465f4b4b7d.png,negative
9046577215e11a111d974d3efc099498.png,negative
410c226f2e193b6960e75ec83ebea5b0.png,negative
3b688000e02c68f5263deae02a243c9d.png,negative
aba16da670e3c732c291f09ee4b031d4.png,negative
299b32a35f5b2e20cfca314b810937b6.png,negative
2fa1a3dab1dfd02d8d03bbc1753b017f.png,negative
0a770aaf59a121351e88425d1f5913eb.png,negative
61e861b301020a11a18b927fd9fa95d2.png,negative
4c977613c7a5e1a29a5940799832920c.png,negative
103a5fbdd10be9e177a17cb56946f5e3.png,negative
28a19ad604ccc4fec4fc285cd7424fe8.png,negative
e0a60a464216698ad2bff785fc9517ba.png,negative
2dc4a67261a74d1a52dd04af4d3eb2f6.png,negative
3255842252e6d01ab94d197f2c6c61be.png,positive
f41828d6156ceceabde4c830a3909fbe.png,negative
837f004c52c59f90f6ccb114b2b78406.png,negative
27e4a9521a7e9fc9b4695d456c3f2a52.png,negative
7ca834a582ccba198440c9d315ea61bd.png,negative
6f2a0ca4298303b57deee95fd548a62b.png,negative
1735bf54ba1a90fc9bd24c52c4d73500.png,negative
1e1ab4244423b69c60a4599c2e1718f4.png,negative
75eafecfbaa5622a5c113433375de817.png,negative
99cd6bd83d36c6607a65fcb3e71b4681.png,negative
83e11374d314af28a1b704b52a4ced6b.png,negative
7dd1a16372c8e5649c003740b91bbbdb.png,negative
9a776a804f9f7fa0a08526e92fba5a08.png,negative
0933a015db24f8f48aa2d372c5254ba9.png,negative
5f8ec3a59d3602c429cb8219bc67c52c.png,negative
e98705b1a72621ac6f4d150860ad7695.png,negative
4d87885d5330d3498fcb19552d9bc461.png,positive
c4a214376959c6b404e4b10026997a12.png,negative
e8ac632b7af6b4101cb31ae24c7c09bd.png,negative
5693240053da387e1e67ebd23e80d587.png,negative
5cdcf69432f95532aae9f82aa557ea5e.png,negative
1f471f44741b365784e0b9f75370674f.png,negative
702fb7eb29f85b3e69dbcebae7744282.png,negative
6c7c8ca7a0b4dec03facbfe2aaac3237.png,negative
63989703ca6610cab5b53c1d03461383.png,negative
e3a8c1ae6a893e99ea9269fd8599679c.png,positive
b87911760b6d558a934f037d37c6f612.png,negative
8847f846b74790ac8bcd0d14688a681b.png,negative
d19e473185dac32c5522f6909a95ba80.png,negative
13b2a81dfcc21274dad1d6dcbf43e911.png,negative
b467c9399ee8cd464e34153896b40790.png,negative
cf89e2587ee7fbf57a038726dcbd8818.png,negative
86bc20b23a59c3f2ff446c559d211efd.png,positive
f69958df1d9fcf018fc76f9a3fd39508.png,negative
317450f1a18887398a120f97a1aad8ea.png,negative
3713b7627df89319d448ae6341ade1a6.png,negative
89d8e87738519dd97af7996731c30bb5.png,negative
0c8e6e19e0cf986e372b8b2b365f12aa.png,negative
cc7c5b40ce8b8722301956957cee00fd.png,negative
981743f635789d694a15c0befc93186f.png,negative
5c8bfa84a48429c54d5d3dd6f3dbc448.png,positive
af75fef3d7c1b87f56931579a2416304.png,negative
aa68a968c6e7f6bf3535ab8c60901ca5.png,negative
b29adecb4d083fc2ef39f5cae5a4befa.png,negative
9f4558bed0e8a52433174c17386963c4.png,negative
1eb5077ea8022bfe24ba95b00f534a24.png,negative
2f81eb4849dd2200da735af7491b3170.png,negative
54c5e915e1fcd314b21abe90c101f457.png,negative
3b66293afa7e12d5063da2d20f3fb5ae.png,negative
eeb4a0b4487f1058129ec970c65eb4e9.png,negative
085108937e283673f2cff94c93825ead.png,negative
11ea2a2a1075095baa25cab6ac1d3ce2.png,negative
def968146aff2b714be7327310da0940.png,negative
10424b4cd7142a57b76ddc67b1fafa5f.png,negative
c980326962814a654b739e5c7cc65655.png,negative
f2f38e758eac3e49a8c4d3c298029afe.png,negative
fea47f9aa4f3f0f95d725d8c777cc035.png,negative
746a3d7acd36ea3b55246a515f1f52ae.png,negative
94f43d9b7ca4be2523d9fa381068d175.png,negative
b2d5041a1a199f7514ad33b0a979473e.png,negative
decd11b41bc543ec12e8413a9534ab85.png,negative
15011df81df9c76c0df28c3e1a22002c.png,negative
f928bf48a4d19abac401a94b25fb71ea.png,negative
1e6fa1cc47dc86a09865abe0a851ccba.png,negative
21ac6fa3e2f3b460756ce7406467d323.png,negative
fd3fc61360b60a3a521fbbdf17d46740.png,negative
282f4c7ac7eb6ad4ecdb44d977cde395.png,negative
d8a52e5e3a5889b51d5c5969c5124821.png,negative
49410c3b4a6466d10e96491cf2307b8c.png,negative
c196560efd2d5dd2be8608a3e3dfb4bd.png,negative
9a395e1e28cd49badd303c9021dc343b.png,negative
623914c2e4db25524962bc85de3f4b6c.png,negative
fe7657cf37f3cdffa20406f6e331a2b8.png,positive
85123011dc229ae319a6a49dfb366abf.png,negative
e89cac3d7851ab71c6aa378960c7c9df.png,positive
61ff101134c91fccdc28185a333b0001.png,negative
96065c02a5ea1afcc837649c8633442c.png,negative
8adedea4171bfef27c446e9b07f276bf.png,negative
531fbfd178c124ce85bca669596d4858.png,negative
5eeca31e7400575b09ea2584ad8179c2.png,negative
a8eba99aeb1f74c915e8de2130782186.png,positive
21b57ae07c94eaa29393f46622f15bc7.png,positive
2c0624f98f4aa34a4a8baa97f1c7f520.png,negative
0a890ff1db339de6846c3720470d4894.png,negative
a696eea781badc08aed2f22491fa08fb.png,positive
e8aced4c520524ca0d586ed892ee0ebc.png,negative
f269082fb764e97ff721a56eab5ac926.png,negative
e576b361a8f25e3f32ea42f1aa0ebbc2.png,negative
3fb4cb9f5219468ecf0793593e8235a5.png,positive
69f29b62408d64c81bacd1ebe3c14a68.png,positive
dac44d46dacf76bd7fd2bb180d2e3770.png,positive
dd8637d4f824b18db985d5323542f482.png,negative
9c2db3b48d1cfd377c05ba5b9f9b660a.png,negative
32f10a85dd9737361280257bde9b1bcc.png,negative
827cd2f38bb6a6e3e22d622ac9e09caf.png,negative
1af23d306a0e0fdf37a7f8f01fa74e76.png,negative
f0da28af193de6e8918b15bf5308dc71.png,negative
c5532eb23daf3c7bd84c32cb0ecbc8a0.png,negative
a2b4aff11ffb7ccc63672323f83256a7.png,negative
36e1662a63180f396f716366c47ac8ea.png,negative
84110d0e5b651f45311a7bbf3824c8cb.png,negative
b5637639c2a581780a5bfb2a530d7597.png,negative
e8a5fb99d26c10d0055cafee39c38cc0.png,negative
aa3774a3e35034524d214a35e4dd9184.png,negative
f2372858726421f6cb2038c1032fe907.png,negative
60f9715bd4769122ba4583f20513dedc.png,negative
5290708fa5b69c635f06efbd7fa923bd.png,negative
e558f7c446dac2f5c046a2f40ece275f.png,negative
86004727d782d6834908099f1c86f18a.png,negative
c0d6ad329aff8b2b9ecbc607af2f4752.png,positive
2b66abcb53102e108c713607523b793d.png,negative
4feff1b48ca3d56a01ddee6cca225cf5.png,negative
7d202e5cfccef4178c711fb3de8f96bd.png,negative
749e37ea62f634775b5f8504943dacd2.png,negative
0991f45a6419a2deb1071dee7c5ce7b2.png,negative
fdc56b22e967aa7ef8a344c71217c44a.png,negative
15d70fb95eb90252e1e5719414a14835.png,negative
17a0b14ef11b7e5e9c1d297587a0f143.png,positive
60c253dae00c6035421f4bbe3e37ada1.png,negative
4c4d44e3564727cb44dba86652760d5d.png,positive
73a3773840bb5c9bf755d06d44987b32.png,negative
a48d8e2cb2a04c2d90f87b999eaa252b.png,negative
cbee5411b4e198ea2ca3ba1452b26f99.png,negative
b943cd6b33216b43cac92d1c09e44dea.png,negative
1e65bcf8234dbf3b64aec9fe87f0580b.png,negative
dfcdbe56546f52fc8fb234a1d036d490.png,negative
afb1b6bf013ea9c5f7d27780a8d92fd4.png,negative
b15d1ae62abec72cf7990756d460f2d2.png,negative
286f3a66d6db2841e2785f17a4ef1e57.png,negative
16de5db8da3241057a067c68a5f6b901.png,negative
215edab21daa1534ea9dae1916e47887.png,negative
87cff91c28e3405e64c25667e47b22b2.png,negative
9c3a5150a89b6453900ad84a471bc41d.png,positive
ee97e31cab4b92fd6f456fb776833c52.png,negative
ed269934188d9fa3fd8978c0d7a5b9c2.png,negative
83cf5299b0d5b168b2e3e6b9953a3065.png,negative
210ab399588e000635dff688b4017c84.png,negative
11e2c741f9b47d07cc7bbf1425aba752.png,negative
58954273b322d4864b5f7678ce7b7c00.png,negative
667873b0cb0eb9ef0f5427692bd3fd4a.png,negative
90adcff6eb4327a32a639f6a5bc53a61.png,negative
24ebe762d60029e0453560d5ac7ce803.png,negative
b160ce88b9dc4a5ab7c44cc7581e64cc.png,negative
25774afcd0e69ef3ce3d3126ee829880.png,negative
769569dc866d5921aa4b871ddf554eb0.png,negative
025779beec7536fd22cb7f849f55d700.png,negative
fb8e321e67b2bef7733641ba3df65618.png,negative
c958c44a5e96f5cd015d190373cb9536.png,negative
2095ef05b63b528ae1fd5b7871f910fe.png,negative
03588341c0a5bc2d92d9c238fe6824c9.png,negative
0b1571b9f1497fd7b4859bd27dd6eb6b.png,negative
4b23b7b535f4d75512587049e8da9288.png,negative
3587a1040ad2a7d35076ab1d314407e4.png,negative
3ddfdbfe058440b0f2d1208ec52c578b.png,negative
c60726b113a3b4e927e9047761957307.png,negative
4ec613888da88ec536b42adb8e473589.png,negative
11300d882dc7a4f3cc07ed26a287b50a.png,negative
55a67fd5f98152c3fe2484da11b955d3.png,negative
8831157787605f4037b7b35add7e0e58.png,negative
1c3471a782b9c0c18ebca3ef7896bd0b.png,negative
95c0ae075c6b337846e50e03d661b412.png,negative
6358d49004b467bb1e4d5aa5105c25bc.png,negative
e4bd3bf0581e5b0cab519024dad2af6c.png,negative
dae72adbd6b83b6baecfd118518ff21b.png,positive
c0dff7c9ce909f2afb2c6ce2bc409b66.png,negative
272d3d9fe84ef703655b17956195a6d9.png,negative
bc3220fa7e72a0a263be95bc2cba2686.png,negative
a42590e162d39e395910db39b84b10f8.png,negative
d8d5e0382bfa75ae9638f6f94696b472.png,negative
8ea78b5a6ef1922c403f9c9a2fa899de.png,negative
826bc86a86d03e46f241e925926105b0.png,negative
b63ad8ef1de33d2c5710c10481ef16fa.png,negative
fd08f643319ba817d4b121486afac0b6.png,negative
42ab0df1b05fb62cc3fe28f9efe25288.png,negative
8c3a2be6a4907edb32075d72487fac13.png,negative
f2b766b40be177d2d1e90b5e3fdcb086.png,negative
7b8ab3e5445ce564cb27e12ad475b537.png,positive
2089d9ff89a9773492ed77d1366bc4d7.png,negative
d976a1ea1c70799eef03d43cbe37c867.png,negative
336a5df9d122895f6eda8296f3a12d08.png,negative
0a97f5590d4a20f5cb377f00f04df029.png,negative
df7f18cbf473f0c313dbb64058b0b9d3.png,negative
198c2f1a65e569ab287bb5676dcccbd6.png,negative
61b81a8cc2ed0c570ea42c0a003ed0af.png,negative
3538fdafd8bd049a9039e7813ea6fe75.png,negative
291d2c2f6bd608b0171ff52325023718.png,negative
4a53a5c91e9dad8aa0c438c8ede79a25.png,negative
eca4627d8649cddd2de37aae0fe44191.png,negative
ae820e304ded01ecb9ea3a641f49fa01.png,negative
68b6a086dde5ea13a2479538535d5b85.png,negative
ae9d0d0653cbdb42aade4727ca8f83c5.png,negative
04a20c8dabf9e15854d5ffd8604021b9.png,negative
fcc424ac5cf8254703cdfd5ba9971c9e.png,negative
ffb34172b215a1e3bbfaf2d202b8ae3c.png,negative
79a946544395c5552b1b2886648dca7e.png,negative
193be9b7e10de09637f859907b1d12a1.png,negative
bb53f748ba9baa9c9667bf5a4bd64564.png,negative
eb3706005959d6a6d7e5a77a795b3fab.png,negative
b8a17ba4394132aa5769f0db4062e4ab.png,negative
07bc5f8bc1e6c6f2af10ca06ef9a8081.png,negative
a000820cf8920770fc0e72a7179596e5.png,negative
6899f08f478ed827719502534d0d358c.png,negative
92078963491f9a4a99cd51fecf09cf4d.png,negative
4e5d2e14b573d71a0447b14c74f1fc0d.png,negative
e1af98c7ede5f4634f2d520bd9f79d4e.png,negative
6239093247f01fbaa88996b75b8d8955.png,positive
39c7a5dc0f348df16ca3a07d03744660.png,negative
37bf84d0ea6b234c69e8b6ebf9a570de.png,positive
f34ecaf0d966f07c3e74b9257f1284aa.png,positive
9a78911784138a39ff19b0b04cc4d608.png,negative
5f8448a8321c8341fe060231de704a77.png,negative
93af0b79aa1c25bd9965c83d682af164.png,negative
3d4b21bbb342bd53798c9b0fcf4ffd93.png,negative
39da4917d3659ed7b71361eb59fd6a28.png,negative
bfbfcc9dd5bad55c4293a6d558930caa.png,negative
7e0e158bb325bed689f307450d1ba7d2.png,negative
1f7d351f410cc0bc36fa58d1c801e533.png,negative
8f9129d33b625d0a44e13c3efff71c01.png,negative
2da11995b9d6f0ae52518985cd695df3.png,negative
8e761f3554a842ff73c98ec33a085b49.png,negative
66d8c44b7723fb9b97421332b01e333b.png,negative
44e6951bda4acfc40d7006375d5a4e54.png,negative
5f66c5530059f4e50e8cd5c379114047.png,negative
f0aedcf508f398c593663fbfb2f78fa5.png,negative
6b4019c30120331cc91c9231dcf2f5f6.png,negative
11c3424d10d45ac153862eebd2d384b1.png,negative
cff52dd34de3c6b25f73a975870479a3.png,negative
ebcb1cb04d299cf87764663f8eac77dd.png,positive
9fde6059d27676dd369f7d0f6c950f94.png,negative
86cc0476d58e233403a2e03b1213ba4e.png,negative
90642565b4ad7b4205ba236bb49f887a.png,positive
1a4a18586d22a87d803c53a7854ee4af.png,negative
bc46c6d2897fd934dfadf6e669b9eb52.png,negative
79cb1ebf8016b94d98cbd80e9d647c37.png,positive
e14a896650e1a0d38584459e1b3c7ead.png,negative
8e2a1e6a2afcc6091076d8cce2d7e905.png,negative
0db7830abe1d9aec783564b8ae538a45.png,negative
47c1327198cff12ce5377a1219f224b4.png,negative
b382570b4ff0aac303c930d9c061ee4b.png,negative
206616673d681302d05cbe82f5c1fb06.png,positive
04a90fd1b0d312c22af71f75f1595c40.png,positive
98f389189bcdb490867b4f12c0f3f025.png,negative
07a0e81ab675899f61b26f7ee240be78.png,negative
8b119d4dd117232ac4e24371fa372938.png,negative
af4bacfc9b9e668b8fb7c5d3b1862ac2.png,negative
4383f437538e788d4559ff97bd12334e.png,negative
4cbd149684023b95555d259fb7133a41.png,negative
1e0903ba408f8f88fd219cb695d90fd6.png,negative
862e2f8bb34890c1e5d772b1b602a0da.png,positive
ea76241595cf66c0b38e032a662e2394.png,negative
c506884b9eb9945fad57b8c1370b00e3.png,negative
88cbc3dc293a586e99027fd62a367915.png,negative
94a92f8e239d59b2958725994087fb1f.png,negative
e404257e0e93e85aefa4abb232970252.png,negative
2a3f95579debc0f842866f47b847dbfa.png,positive
e613384878bda0e171f417dd8a8f3c62.png,negative
01bbd32bcab5b05f7a5d06dc8beb5c35.png,negative
87db34330626587c59c0952dcbc3d19d.png,negative
dc86e21853e97d2f6ce259214c46da05.png,negative
5266925079a65c19be7b45e5e062943f.png,negative
332f0abec0c44bd76cc06df0c0d04978.png,negative
964c97983670ccab04c33013ea7f8fc8.png,negative
fd3d0a40c4041a9bfe5b7de4d7df464c.png,negative
0b1193e26f858a6c2c91efaa5ddbdf98.png,negative
f20a37c6bb83e36ac3e8052d165f09a9.png,negative
8442c69722afe7c732761b5071bc9612.png,negative
f53df22c17e81c9e4c1dd3d81bec8652.png,positive
090f80a23a1c3691d1db9edddb3a199c.png,negative
f77de5dbbdea62575547b6c2c5b92165.png,negative
c4db546acc4da3606cf2925cf2bdd5d6.png,negative
bc36a26f178833f89db3589317d6835e.png,negative
9af5427a0755049d186ef973f0c28bb1.png,positive
51ba97bd4ea3624621d6c61424cead18.png,negative
8ce08339e206a4a6afa5762c322b8708.png,negative
e567c2cbfab3cba1e9901408282a1a97.png,positive
f16eea27f6bbcfd171d01a735e93430d.png,negative
634f99234f5e710a4e29329aa35c624e.png,positive
ca397dd814654c384ce8927b72f5fa77.png,negative
f2fc7891dc7f7932948dca3e695adaf1.png,negative
1f59df79765eda1c5df1d490dd268883.png,positive
2cba6301aa54ee2353068f1d95290692.png,negative
251ac016884ecb169076dc3538e31df4.png,negative
7276b5fcbc56d2ca46c38fb9757b4681.png,negative
857440288ce871d0ecf3f90c3eefa52c.png,negative
772d02b97cc4f1b7672add8b65eaee1f.png,negative
0d0e66a094ba668029ed19d79a28af93.png,negative
884655cbf1e3d9efad6fb00791cbc399.png,negative
5cc553cb6154b60e37ce53b0c4306362.png,negative
afd6c5f60834adfc28fc2f720865373a.png,negative
f4a0087ededd3db9af5ce7f1d1d03c6b.png,negative
58650ba8202c2be1a520e9f2d9fe9961.png,negative
076cc9202c7f1cd8f8e6d845b30948cb.png,negative
29c721e41110cfabc813a4d1c9e72d19.png,negative
db1c025e3243f997e479cb3636db7820.png,negative
90d96010aa58a4ff281c1018743ef9e4.png,negative
fabbaa5b52a2a70f9c79a90c2b0940b5.png,negative
716d130284f14aabaf6a5265cf5c9992.png,negative
4349a9a8e5ece5d44e656d7f038a490a.png,negative
b6502d5f6cf6058c24f8ffc63f25fdb4.png,negative
b364893d4066af9a980b999e3b50567a.png,negative
298c1d7cc7bbd764a9aa285cf9464247.png,negative
b6ff20285c5acffa1d3b4013d138aa86.png,negative
a2f7e88625c789d517f303ad335dd0ef.png,negative
abc4a90614595184b9a10e083912969e.png,negative
35548e53c445c5102b5e496ece83040e.png,positive
1af3175b1c1ec45c4525386b61fcf3a1.png,negative
9d8fa9f6c2db38a68080b8e846cadea5.png,negative
9f8bb5329a282f94fba0aa20143a9dab.png,negative
c5e2d0911aac40b3f2e0ede66a4730a2.png,positive
a24249c6d42df02de0b1b31994a80bc5.png,negative
462cccbefd204788e0f4ef4ac498e2b2.png,negative
037ade5b740176ca7b2f797a813202af.png,positive
bfcff50bb8053cd894ee150868cfc44b.png,negative
1d4b06e45a6d7df72f7802aaf8c5b213.png,negative
e1151bb93ef7fe046b812413b398d6f6.png,negative
8826d1a16b031ff7471e2cea8716ebbf.png,positive
6dc2bfbe7ca5842f6166d0a8fdcf165c.png,positive
4da44638bf30594a15ad610b573587b4.png,positive
722d7e65aaa2b03ea0d4ac798dc096d1.png,negative
936b038016759277975b78e318217a69.png,positive
a1af44b7452b944001bfc8abd90b29dd.png,negative
743a5bec108ce41f1176795cd98ee99f.png,negative
dcee8b69c92cbbe9ac8839f7c7a43d0f.png,negative
6cd485f063e99f00ca61bd3079aafa08.png,positive
d65349758ee39157fbacee1b3e3c1e98.png,positive
4221335af7bfa350c701b7adaffd79a4.png,negative
1a052b2e2e245027785eab7662aa437f.png,negative
e85dc3d8f1364b48e5cfe643d09c3368.png,negative
298556ed8675240ce7023455441ce501.png,negative
f143be9d6b24d8f1275f25b02ade3989.png,negative
7a38d4f04d1d87370a6a7568f95bbaac.png,positive
916e13f7d2ae7fd37669817df762bd1a.png,negative
74a4771190e26ef3d7d37457ed809e1a.png,negative
07330b9eeee9d42714a3d95b5d79b051.png,negative
c5ae99c923bdc3b61fc6ea9b915472e8.png,negative
d7238feb3f0aebdd2f8fe2b2a84e1e7e.png,negative
9b96b6baa5b8554388f6574738f0e103.png,negative
f68348e26794d7e0c226513d8a7c1556.png,negative
437aea0d25a93fefda3c06a42e83fd0c.png,negative
6f9c46d4ba447bb0919d02ffd71f47cf.png,negative
6a7376bebe50c0c7066c6bb38e9aadeb.png,negative
ba6ed14061fb24f0ed0e83c94996f6d3.png,negative
0da894e55e514903165fcee8c37ed445.png,positive
e1afe6bf540469576f9a39379bbb4ab2.png,negative
2e898ebd0334b3bfe045b3745b49a352.png,negative
be5160d8ad6d41eaf006079d85a10bc4.png,negative
d50eac32db727a705d3a4e6cf6a97e0c.png,positive
5f4947b08a4ebd7dd1d462710be7a54c.png,negative
58da3cfb15f67a5afe0b4910139c4761.png,negative
cf0f85788fcedf0ecc4d3ddc6590c416.png,negative
5b911655316bebc51deb8df96e274ffc.png,negative
f5d7576948e84acd7e034f73245b8e4f.png,negative
74524304aa172d9d67106a642ab138d9.png,negative
17d73a1046c5f4e7a370cbfe83570199.png,negative
3ef259f01242a05e4acb742bb5bc5e27.png,negative
0d1f485c4bddb4509a5381c0c1040758.png,negative
0fd41642dd39b89513672b68c973c2cb.png,negative
0fe77d8879cde0c385c011126ac93163.png,negative
31d5b1f5e41f19ed589df510419d5606.png,positive
b45bc4ca0a8c410e021af87bcf623c6e.png,negative
30582d5428b198b0dbdde5816383d87b.png,negative
5dc018e66d3a9c2053a087364e52e583.png,negative
5824da198d2eec5105a3a8442696475d.png,negative
4a072cd2ed4b86fe9fab244f4f93f58b.png,negative
953144bff2d38be18b3378ee0a21149a.png,negative
1527415fdaf7eb7ed261a9d2da696e09.png,negative
edb0964b7c8ab60c0fea92b24837c75f.png,negative
305fa349dbb28319830a7336dd90b3ba.png,negative
d4e013212213f2e2880b1f52a44e0f87.png,negative
c490065fc59a9c687fefbbe80dfd252d.png,negative
fd40307b53cdcb3b7c363b5f4aa6610a.png,negative
8f5205066f357e2d832f8f6819d23c26.png,negative
7e7dbf301c56587cbfbfe0c1494c63d9.png,negative
960f950277e8f8a0e0deb93cc1719f60.png,negative
bc08c9c091e42ea544c247a9009a499b.png,negative
30100f4f90fe29d45ff2242d51d1bd5c.png,positive
39248fa290f55a99b65c5d57b3859bdf.png,negative
156f08e7364bee54faf84fa9626103be.png,negative
b850c31c4af4a91898c1cbfa6503282d.png,negative
aa6b3bb625860e6bed1685022a32616d.png,negative
2291d0124cd28cd7675f28b2f615631e.png,negative
ed3bb3cd05f1a6bf1ac1defb635bf78b.png,positive
3d8dfd200fbd7c2ea27396cc664f7530.png,negative
0c5728dafd11563a4a50dbdcb6fc3ccf.png,positive
6ed12855f10320f7469f4792fe7a828e.png,negative
59b2d0e074f8b0f25994551b13bfc09b.png,negative
1e94e855b596e62a6153626b54e95d31.png,positive
f1b70f343b3d56f5b19cea0eb26cf040.png,negative
fbfc0afadfdd1b0f24e59dd826320706.png,negative
4793897aaee593e8c9782d4e2e0116cd.png,negative
d3f676a78728eba1761bf1481c67a3aa.png,positive
d779c2e84c587ced7ed6ef3b0bb38e62.png,negative
53063d2d3bc0fffda42a5952eb16782b.png,negative
3143a4ff8b7138a55d778a26b2b53f60.png,negative
b1f8e5835f992a67eb49299b31c57e90.png,negative
43778be635c7c1aaaf80e35f0db30ef9.png,negative
2a856bace1d5629f514982b32ba58832.png,negative
45ddd95e336bbc267b28126028518eef.png,negative
82643583534044e6066b429a8abdeea0.png,negative
b76ca2e087ff37af943b74a548b2f87a.png,negative
601ac05a6b427739441ea44852407fae.png,negative
25ecca82dabf9cd736a14b8cfde5170a.png,negative
09309737d095e15896f0ada5404ffe10.png,negative
3fe62e2d9ca90ab8a014339f42363198.png,negative
00e81c8ab3ba843fde16b3192c597018.png,negative
0c8b4bc5753ed73a2d8b0c47fa4851a1.png,negative
8cd728c7a5ed0c07755ef4a8a9a9ac12.png,negative
d5c1da01c8822dd98649a77370908041.png,positive
5cf2a5d6bdcdb68dc68f8d2a0cd66ee5.png,negative
de42dcaaaf16e17466e63f50739d7c13.png,negative
1233160cd7b79adbf18e9cbf71b83852.png,negative
8e1f20eee36d782e6bf7577f16a72cea.png,negative
70cb0908cd2c460d6980cd5a4c47daa3.png,negative
a76fadb4e8a1c4e51d9acaa95f726666.png,positive
99e5bba00d9ae6c5fa700616c3035a7a.png,negative
b33a4f73bf1a5da367830323b0fc46e7.png,negative
6b3dd5bc4a916cf1a807cfdf36490ce8.png,negative
5f962a127bc392f01841cdcf10c8039c.png,negative
3d9b9a4c21ef7e122b76f710135ac494.png,negative
e01b1e3def412bae47b5fe656cc166fc.png,negative
da0df13bde331775a46b8411a46e81f8.png,negative
6efba82f3afadba2891cbde4f957a199.png,negative
5799a7d9e310063c90d413e976b120f6.png,negative
98546a1e151983e93751798968402452.png,negative
258636f8ae624472e1f220ef575aa698.png,negative
f28e7cbceb27e32f88095b37499a1e23.png,negative
731ff0993c05596659a9f039f12f2fe2.png,negative
01c4dae150afb7ef87a7ccdd4a056271.png,negative
454fdf9adc6b4f4acbe5bf571c2f18e5.png,negative
181b1e205964ff87ebb4b29303776c35.png,negative
e5592906fc81454b3ba7153ede45e18c.png,negative
b4bb1172758b198b4f4ccab0ad820e23.png,negative
f7c1fa50995f56a90e3a6f88ab4424b0.png,negative
8bdd3b644388a5b57e03adcbd503e711.png,negative
07793ead5782e8290171ed463221d74b.png,negative
dfd82b74fc58c5070ddd502848f978d1.png,negative
eadf1b611058e63e8a01b66d91d1e4e0.png,negative
3771b3c1cc4681eb440055f6f0aeb185.png,negative
73a1fb653e542e85a68d550c17f79eea.png,negative
11916eaf6f0cc14fe9785cb8a48f1773.png,positive
8a22783b6b101bd2360a0481a79d38f9.png,negative
a3e905b694b7f45efb857d5ac94408df.png,negative
064d422f68e30d901b8480935e4033d0.png,negative
45dadc254bbcc47bff787644d89e69f8.png,negative
ce6aef8314b34f8380d77d7ab27e98da.png,negative
cd646189a6e0b5e095c03f142cb2dce8.png,positive
e4d9a19949911d71030244ca10b181ca.png,positive
cd07d16f7f46eb852dbed8424c747496.png,negative
16bfdd9ef3c18554b8a07a259b18dc46.png,positive
250cfc5c0956857a5f17fd498e8d9fcb.png,negative
4613f05cbb487b8cce87275a74a31d83.png,negative
95d67aa9d7cf8a676c53f2f692d8b4a4.png,negative
d4530498d222fe69a15a677a3fcb5522.png,negative
28fcd6658d6059080afe7bad049293ed.png,negative
24cb02591198557c5db881fe37190fb8.png,positive
7a4bc2d6dc00fc85bbbbe08674b670c3.png,negative
36bfe866eb80fb7716e1f9a2910b9577.png,negative
615007bca5943defa710f6ed3145333e.png,negative
09bbfb9fb983f82116ee3909ddc6ebb8.png,negative
883b6ff3e7b1bc7bc14eb156006eca96.png,negative
8f07b08840db65b3c2b1c6f26731aa68.png,positive
43672b756f706f02331ff4dcbf243021.png,negative
c5bffc7ab4c264b8ae62c3318862356c.png,negative
5e8bf67deed43ba3c57d7ea6eb523b34.png,negative
4b5f3157f020b31e7606cec8aa0d8be2.png,negative
e4e9fd7a30c5791181d7e7b77b05a998.png,negative
4c03b972142b2bb107c22b850f4e91e6.png,negative
a601c37b8c4b275f421adc2b7d32b90c.png,negative
9f379fa0dafa5169c156ef6578d4bfbd.png,negative
fb22fd0dfe3117e511a06d8691d54830.png,negative
5fbf77bf84352684e0ba18d7f256d309.png,positive
93f48bee83c77b7c0cbd898751baec79.png,negative
9557d9de07fb79c7d8193391243d7aa6.png,negative
dc4e807db5be49ece1a2d1a168f26557.png,negative
a982c95504be5dc017b372f9c4bb7168.png,negative
befe4b33aa11b01b7934e5e84d0e6da0.png,negative
ca08558291137af2ad8e952122c12695.png,negative
9975bea59581862922e1c39325a8dfcf.png,negative
972ee211535083f4f21e8bc0910c525c.png,negative
e8e94baceeb1dd8490ac5a2cae18c490.png,negative
6fd132f3c2abdef7f4dc04b2e8ddb24d.png,negative
fddb64b1e276e7908affc1b35a97ca33.png,negative
737539a9cc30e0c13f82d6ccd602a60e.png,negative
6c10b4375ed1447134162071557a5b9b.png,negative
83a8289c91b6d8966bac7a1c0fa2e7ce.png,negative
9b572e55af26affd52b30efdb7db3337.png,negative
e732b08ce5ebae463c42474586d7df1b.png,negative
4eb0bafc88915ffe385c0196e3580ee4.png,negative
135648687df7e37d9fb1bf2cdbba5711.png,negative
dc990ac4bdfd8037831781ba93966a45.png,negative
a805b66460fbd0d82b800823f5019ff8.png,negative
88bc604334d59e47bd8e320d29f3ae7a.png,negative
3d47c62f0b67e8a260ac84889d31d610.png,negative
e097c7653d0528d5efc498dbfb162482.png,negative
42b206fdecaf8f6fc124d16f1d77fc1a.png,negative
bdb11c4bd69af496f85f56aa5bfadfaf.png,negative
53935a211293ccb823210fea0e0c10e5.png,negative
46ee0c2383a388c29e18baae6515a5fc.png,negative
457e4efd9b48562d306437398e78b889.png,positive
66471068ffb4ab5afd6dc66ed06177ef.png,negative
7914394d6b7818fdbc935a012052572e.png,positive
03d6c4c7b74aac17f219d95937ea8391.png,negative
ff774778b240836c3f4fd2b592d3316c.png,negative
1d0ffee5a38df1dd1f9f69d1589cf2a0.png,positive
d5994eb4d5251c02fc3214b05089d5ee.png,negative
d28ef4c26ab982660896c991bffb10d4.png,positive
564bc9c5412255ebf030182fd24dcb7f.png,negative
26b877cada3e55e9541d73a23805d92f.png,negative
f5dade2ff62de18b6811d980b4b66f9f.png,negative
36bb4fae16670d24002bd0fb448d4719.png,negative
def2e98c0c5750128d66ce6455446266.png,negative
bad5eb5774066e7427eeb717ea7c4258.png,negative
d70eb55c666eb0f8d81aa17251e5cf4d.png,negative
4b61e2a50f9bb3adc2d45121bb4595d8.png,positive
6d2bc6ba858ac79534bc3ac73f006e25.png,negative
304a6e20e2cd1a0ac8bf4f37819d5ec6.png,negative
06c854657ccdb676b93e5421e4bdd7d8.png,negative
8ff4d3c14ff10df2fcfe9d440add6786.png,negative
ed69c67a0d98ece25f44e7793c1fa56d.png,negative
78426030569bee2d52522600e5cb0a51.png,negative
8d408d732da53e15bcaa02b981ba2d50.png,negative
6260536ded38edcfa2ebb99bdab930dd.png,negative
a2bb7a00e9937ed63f0d85b342a2f8ca.png,negative
0c7611765fcfd35a9d33c7bf5599483e.png,negative
a23287c1936fc16d19031175cf80b704.png,negative
1fe0a7bfd05d7ecc68ae4ba75efbe229.png,negative
d3f4e5124c552047943f994db1280721.png,positive
e98ba93abc3ccfe6ce6a3e2c9df74a7d.png,negative
61352a813bc7854a9a790b849afa044a.png,negative
6e66374c0e240f2bcf97c2ae2a45b0df.png,negative
81810a436e39095920ffff67adbbdd0c.png,negative
0814e391cadc29a29771dd86399ba85d.png,negative
39d389515569956eaa1f8d51dd1295c4.png,negative
a47d05649fa6a37cdecda4e4ed23f951.png,negative
7425ca257e14e62f00f713cdea13bc69.png,negative
106dea31df662da0c69236dd69273e89.png,negative
6ec5f62757712d14c4b057537ccd4a33.png,negative
2c308f34d9d4c45b8222826826282a39.png,negative
306fc4cc149599130e2dfdca2a1b0777.png,negative
c2e5be4fdb50c694e0f100fc8d1db431.png,negative
9bc9f3b01cf67f3b1ce5e94159194867.png,negative
4a6a65e14891e927efa2e1535720e3c6.png,negative
ccac69d5c988688d69e0a4aeb796a276.png,negative
5996b3eb20411147052689f08a9edd23.png,negative
134bdd64005362f1021201441d811e76.png,negative
d56bb2890f564babc44a2b9d2e561050.png,negative
a6c362886fec3c1fb62cd7a4feb48950.png,negative
d8859a3c38e200be7a2195c0c6c4783b.png,positive
4b96d2ccf312a2e1b1eaa9f05278f26d.png,negative
2fd1a19fd566e528a5849b30721b5943.png,negative
2407e536de523167d5809897d12a335a.png,negative
c73ccb0cc23a08ba046132d29cddd432.png,negative
b66e131e3d9caf62f62bffb79a34f306.png,negative
fb49831f9d52990167ca25e0af8be1fd.png,negative
f5f2e871c764557d0c2962dac6454f68.png,negative
973ac9a4db0f0d4f6175ee86c259baa8.png,negative
c048a8c6f8486bf1c3c06cd067e9ebdc.png,negative
1396cabc7bee538d39248c3333a2b7c9.png,negative
7af24b0abbbefcf4ac0e0ffea0287491.png,negative
3db3088fe94a7caa57f12b7c09484732.png,negative
a7b12ca2c3dd86400527614dd8063a20.png,negative
13872b9a8386c763015e2f1d08b4de79.png,negative
29a7f98a39fcb4356d315e844099c0a6.png,negative
8e85677c42972725181df1051281592c.png,negative
abc0abdb6bdcd28bb09cd0b6086f3212.png,negative
7167d4e706f2b29db23e3c13fd1e8c67.png,positive
28e11363cf23cbe71416935491966d99.png,negative
b853edd818ee1d0e1b815b0d7c7777f1.png,negative
db7ec9fdbd609abb1d266cc75b7727d6.png,negative
f1f50dca05513442097538f8645b8ea7.png,negative
67fbc9003737e523d4d9e0a0ee2b8fa0.png,negative
8a41abe1dbf1232de63d30f780de6daf.png,negative
773f0e31b116da7e927378677806a703.png,positive
bba47deaad02ec42e562d62bf0337ca7.png,negative
8f3a509895e765b66bad55227ef1ed15.png,negative
bf0a41c80a9f19be23323aa27e070da0.png,negative
21d2820163f01cae275db0e7de32f901.png,negative
4c3319a97fde7356ea96bd721895baa0.png,negative
0e67ae636403333718d48650c8f50b2f.png,negative
7fdb3c6a4d1d59c05bc3ed6e7931936d.png,negative
239eb0ddbe3c2c96b740b35624e7568f.png,negative
785cdf7f05290899f95f85a59c5e5bbd.png,negative
a1a024c40538066742e35881bdb7ede2.png,negative
770b3b5d230050e16e276dfb0d230d22.png,negative
af69f41013738fdff3ad546858946a0b.png,negative
9391c479d9a3fa21978c236e6ea8d696.png,negative
bd7a4290e056cd2be821c503924c2384.png,negative
be821fb14434d3834fe1bd81597070c9.png,positive
8e1eea582fe44e519fd113b4e7834fe2.png,negative
4cc54b053d6e0774eda995a21d084a84.png,negative
4416393ea50a9adf1533ee9ac2b11e15.png,negative
caf9c0177119f019889dd15fd0748129.png,negative
e29e9f00ed8ffe40f7669944b1962435.png,negative
c26da3d0e03bed8dba516b1ab386cb0a.png,positive
7402822c7298c3dea1f26198e4d656ec.png,negative
325f1dd8d5c1ecd73e5f6ecae8d373a8.png,negative
fd9474cdac7c8c9787ce40c41055f1af.png,negative
e73d0d615d987213cfed2e1ca78fafc8.png,negative
d4a3c899095204772b4e01d81e761376.png,negative
b0452b0fd425015d935167dc2177bc83.png,negative
72597b6931d80571c63c6f4ba16d3455.png,negative
375880874ffa0f30759d4655c81b1c13.png,negative
5fe78df22acad6474c5f1e2178ef90cf.png,negative
a17e93d15c16e66941d73a6cd4669441.png,negative
5ea1786e8c7f129bf2a685b75ba6a6c7.png,negative
4c7804fe1cb2bd19b9ec2417c6f66c40.png,negative
a74592d4b0e7efa464767f91e74d61d1.png,negative
d6367c465951b41fbb7918b26f51545d.png,negative
4cb58cb354b5b28827686063cfa48977.png,positive
5463bf7de37aaf3899b16e4c99956005.png,negative
06f66bdefba0e506d6e43e759aff5b17.png,positive
a3f2bbd5f881f897e07dd5513e3f2788.png,negative
1d97b817595a9b33ceba12655443a7fe.png,negative
07b6084a31790d3646be2a76638ad784.png,negative
c76e760d40534c988b7ca362efc7c383.png,negative
fdd893563375f3479648c135460ea70f.png,negative
89826292224e5fcd5be6958fb7284a1a.png,positive
33255d5e5f7b343203f1f52f4cb49974.png,negative
ec6ce621c0ce3af91b3f9b0b9e5b860e.png,negative
53bee277f0545aed401a3d307d8eb0be.png,negative
1275ebcbb04ab0cae7e306e64d329354.png,negative
3d6ac70771d9553c5381f71306181d49.png,negative
8f0b5db92a0d6b4257765d4a1c6708d3.png,negative
8c9294e8e52b99a565f3413f03ee4ca0.png,positive
2aed4cd2b27b39609b182e8e0d3b9092.png,negative
fd500f15baef7b4467cd2aa04b9f51eb.png,negative
34d0a8205b5bf2f26c503551bf385bb9.png,negative
5ab0761bb9afc50f502a2304c79e9188.png,negative
039573965c7b5f58f88ae392f005c06b.png,negative
142a0e788ec73ab6f927f22c5e479ad8.png,positive
568b63f436f50f505912be33c7e507b7.png,negative
0e5cfcdee1d74040b858a891a552e6b2.png,negative
cbfb839640e1d2a9b70c9106fdf9560c.png,negative
1ab1614a977f19c1ab40dc9942e3cd00.png,negative
9f0a76560431a258807ec361601c5be4.png,negative
c7064c35d4974e1e24df39fd0e754e53.png,negative
67524e2aaa0f49dba52b0b64cdf6bbc3.png,negative
6fda97e7af2177460374b7b144b988e7.png,negative
a270ae7dc60275727b14476502996d1d.png,negative
ff8cd53ee8ecee413253fa575e12bc7c.png,negative
f92b61ddf6f5857134fcd99cf44ffea2.png,negative
c70e49a4d5213ff17f5cdca228f0bed3.png,negative
e044b067320d9129221d836520f671ef.png,negative
91ec29b970e48d41281a3331edcdc61f.png,negative
3166abe6cee34c14714aa222269b9a12.png,negative
5557fc83b902c87114986120b65fd6b3.png,positive
eb96e2d30a786362d974022ada45ea67.png,negative
0116cc36472eb16dbaffd67d2eaa8cfb.png,negative
a75ff9e5b342ce7ce2360e67d583e745.png,negative
11e2cb040c27ea3cc3b63543be1e2671.png,negative
32d0366c3b7a491f1fd66a3f89eaa248.png,negative
3702769690d68f1113f73a87e888ee84.png,positive
c882965e723eae87c4aed01a56c87002.png,negative
8956475b58b74ec49dc1fd8c82c18b65.png,positive
0abb2b875bc8e16ae649c1131f8681bd.png,negative
8c6d236cbe84c87b5876603750b90e37.png,negative
979d50f42bbcd501ffa7b3905d1b86e6.png,negative
afbb34eaf96ddb0180f28800b7a10bae.png,negative
f79df20802b0e33bf3fcec68334f2ddf.png,negative
2f826aed985be9be44ea4d4a4861fc13.png,negative
29748362c9fecb5dbe97b3df48b3d9f4.png,negative
90c123b90e802fd4209e77c958112356.png,negative
0c98ab26bc0e82981670640fb2ff7e33.png,negative
fb5cf29305ca451bad27b87add341231.png,negative
eb8a074a0a46bd1bfdb2eac247bdf16d.png,negative
b41fb0ca3bd0400c28a43a18d6ab63a0.png,negative
e260fbd0e1289bd83cc2eb2850e47826.png,negative
